Timestamp;WindDirection;WindSpeed
16.11.2021 15:30;195;3,4
16.11.2021 15:00;186;3
16.11.2021 14:30;184;3,8
16.11.2021 14:00;185;3,4
16.11.2021 13:30;177;4,1
16.11.2021 13:00;179;3,6
16.11.2021 12:30;184;3,2
16.11.2021 12:00;188;2,5
16.11.2021 11:30;179;3
16.11.2021 11:00;170;2,9
16.11.2021 10:30;172;2,7
16.11.2021 10:00;169;2,6
16.11.2021 09:30;175;2,4
16.11.2021 09:00;186;2,2
16.11.2021 08:30;179;2,2
16.11.2021 08:00;186;3
16.11.2021 07:30;181;2,6
16.11.2021 07:00;175;3
16.11.2021 06:30;178;2,6
16.11.2021 06:00;188;2,3
16.11.2021 05:30;182;2,3
16.11.2021 05:00;183;2,3
16.11.2021 04:30;182;1,8
16.11.2021 04:00;176;2
16.11.2021 03:30;176;1,9
16.11.2021 03:00;187;1,3
16.11.2021 02:30;183;1,2
16.11.2021 02:00;181;1,4
16.11.2021 01:30;179;1,4
16.11.2021 01:00;176;1,4
16.11.2021 00:30;172;1,7
16.11.2021 00:00;171;1,8
15.11.2021 23:30;165;1,3
15.11.2021 23:00;176;1,4
15.11.2021 22:30;175;1,6
15.11.2021 22:00;173;1,4
15.11.2021 21:30;165;1,7
15.11.2021 21:00;171;1,7
15.11.2021 20:30;176;1,9
15.11.2021 20:00;176;1,7
15.11.2021 19:30;171;1,8
15.11.2021 19:00;167;2,3
15.11.2021 18:30;175;1,9
15.11.2021 18:00;167;1,9
15.11.2021 17:30;169;1,8
15.11.2021 17:00;156;2,5
15.11.2021 16:30;155;2,4
15.11.2021 16:00;156;2,2
15.11.2021 15:30;151;2,4
15.11.2021 15:00;151;2
15.11.2021 14:30;153;2,8
15.11.2021 14:00;153;2,9
15.11.2021 13:30;152;2,4
15.11.2021 13:00;155;2,6
15.11.2021 12:30;159;2,2
15.11.2021 12:00;168;1,8
15.11.2021 11:30;161;2
15.11.2021 11:00;166;2,2
15.11.2021 10:30;155;1,9
15.11.2021 10:00;148;1,7
15.11.2021 09:30;152;1,3
15.11.2021 09:00;148;1,6
15.11.2021 08:30;136;2,9
15.11.2021 08:00;131;3,4
15.11.2021 07:30;113;2,9
15.11.2021 07:00;118;2,7
15.11.2021 06:30;140;2,3
15.11.2021 06:00;140;2,1
15.11.2021 05:30;134;2
15.11.2021 05:00;123;1,7
15.11.2021 04:30;115;2,2
15.11.2021 04:00;115;2
15.11.2021 03:30;123;1,7
15.11.2021 03:00;134;1,8
15.11.2021 02:30;127;2,4
15.11.2021 02:00;121;2,5
15.11.2021 01:30;131;2,3
15.11.2021 01:00;129;2,1
15.11.2021 00:30;134;2,1
15.11.2021 00:00;133;1,7
14.11.2021 23:30;122;1,4
14.11.2021 23:00;135;1,4
14.11.2021 22:30;135;1,8
14.11.2021 22:00;112;1,9
14.11.2021 21:30;103;2
14.11.2021 21:00;103;2,1
14.11.2021 20:30;103;2,6
14.11.2021 20:00;98;2,5
14.11.2021 19:30;99;2,2
14.11.2021 19:00;94;2,3
14.11.2021 18:30;96;2,6
14.11.2021 18:00;87;3,5
14.11.2021 17:30;73;3,3
14.11.2021 17:00;67;3,3
14.11.2021 16:30;67;3,2
14.11.2021 16:00;77;3
14.11.2021 15:30;76;3
14.11.2021 15:00;62;2,8
14.11.2021 14:30;62;2,6
14.11.2021 14:00;58;3
14.11.2021 13:30;53;3,6
14.11.2021 13:00;59;3,7
14.11.2021 12:30;63;3,3
14.11.2021 12:00;57;3,4
14.11.2021 11:30;72;3,9
14.11.2021 11:00;48;3,8
14.11.2021 10:30;54;4,5
14.11.2021 10:00;44;4,2
14.11.2021 09:30;48;3,9
14.11.2021 09:00;41;4,3
14.11.2021 08:30;38;4,1
14.11.2021 08:00;46;4
14.11.2021 07:30;47;4,5
14.11.2021 07:00;47;3,9
14.11.2021 06:30;47;3,9
14.11.2021 06:00;41;4,4
14.11.2021 05:30;41;4,2
14.11.2021 05:00;38;3,9
14.11.2021 04:30;40;3,9
14.11.2021 04:00;39;4,1
14.11.2021 03:30;39;4,3
14.11.2021 03:00;38;4,7
14.11.2021 02:30;37;5,1
14.11.2021 02:00;39;4,5
14.11.2021 01:30;36;4,1
14.11.2021 01:00;36;4
14.11.2021 00:30;36;4,4
14.11.2021 00:00;34;4,8
13.11.2021 23:30;40;4,2
13.11.2021 23:00;39;4,3
13.11.2021 22:30;36;4,9
13.11.2021 22:00;35;4,5
13.11.2021 21:30;35;4,2
13.11.2021 21:00;45;4
13.11.2021 20:30;52;3,9
13.11.2021 20:00;55;4
13.11.2021 19:30;44;4,3
13.11.2021 19:00;47;4,2
13.11.2021 18:30;51;4,3
13.11.2021 18:00;46;4,1
13.11.2021 17:30;46;4,4
13.11.2021 17:00;44;4,2
13.11.2021 16:30;49;4,1
13.11.2021 16:00;56;3,6
13.11.2021 15:30;54;2,9
13.11.2021 15:00;66;3,2
13.11.2021 14:30;65;3
13.11.2021 14:00;74;3,5
13.11.2021 13:30;80;3
13.11.2021 13:00;79;3,2
13.11.2021 12:30;92;2,7
13.11.2021 12:00;94;3,1
13.11.2021 11:30;89;2,9
13.11.2021 11:00;90;3,1
13.11.2021 10:30;97;2,6
13.11.2021 10:00;95;2,3
13.11.2021 09:30;100;2,6
13.11.2021 09:00;109;3,1
13.11.2021 08:30;98;2,5
13.11.2021 08:00;103;2,7
13.11.2021 07:30;110;3,9
13.11.2021 07:00;111;4,3
13.11.2021 06:30;112;4,4
13.11.2021 06:00;108;3,4
13.11.2021 05:30;116;3
13.11.2021 05:00;113;3,3
13.11.2021 04:30;111;3,6
13.11.2021 04:00;110;3,9
13.11.2021 03:30;117;3,4
13.11.2021 03:00;115;4,3
13.11.2021 02:30;116;4,4
13.11.2021 02:00;114;4,5
13.11.2021 01:30;111;4
13.11.2021 01:00;113;3,7
13.11.2021 00:30;109;4,1
13.11.2021 00:00;109;4,4
12.11.2021 23:30;106;4,6
12.11.2021 23:00;100;4,1
12.11.2021 22:30;102;3,5
12.11.2021 22:00;115;3,6
12.11.2021 21:30;121;4,4
12.11.2021 21:00;126;4,6
12.11.2021 20:30;133;4,8
12.11.2021 20:00;135;4,9
12.11.2021 19:30;139;6
12.11.2021 19:00;132;5,2
12.11.2021 18:30;131;5
12.11.2021 18:00;132;4,3
12.11.2021 17:30;136;4,1
12.11.2021 17:00;147;3,3
12.11.2021 16:30;152;3,2
12.11.2021 16:00;141;3,5
12.11.2021 15:30;142;4,1
12.11.2021 15:00;138;3,9
12.11.2021 14:30;127;3,7
12.11.2021 14:00;140;3,9
12.11.2021 13:30;142;4,3
12.11.2021 13:00;151;3,7
12.11.2021 12:30;142;3,4
12.11.2021 12:00;124;2,9
12.11.2021 11:30;129;2,2
12.11.2021 11:00;152;1,7
12.11.2021 10:30;124;1,5
12.11.2021 10:00;144;2,3
12.11.2021 09:30;162;1,1
12.11.2021 09:00;166;1,4
12.11.2021 08:30;185;1,9
12.11.2021 08:00;186;2,2
12.11.2021 07:30;185;2,2
12.11.2021 07:00;187;2,5
12.11.2021 06:30;195;2,2
12.11.2021 06:00;183;2,5
12.11.2021 05:30;190;2,2
12.11.2021 05:00;186;2,8
12.11.2021 04:30;178;2
12.11.2021 04:00;188;2,1
12.11.2021 03:30;191;1,7
12.11.2021 03:00;181;2,4
12.11.2021 02:30;227;2,7
12.11.2021 02:00;222;2,8
12.11.2021 01:30;197;2,3
12.11.2021 01:00;215;2,5
12.11.2021 00:30;246;3,1
12.11.2021 00:00;236;2,7
11.11.2021 23:30;246;3
11.11.2021 23:00;245;3,2
11.11.2021 22:30;253;3,5
11.11.2021 22:00;250;3,4
11.11.2021 21:30;246;3,2
11.11.2021 21:00;239;3,2
11.11.2021 20:30;245;3,2
11.11.2021 20:00;247;3,3
11.11.2021 19:30;243;2,9
11.11.2021 19:00;238;2,8
11.11.2021 18:30;237;3
11.11.2021 18:00;239;2,6
11.11.2021 17:30;244;3,6
11.11.2021 17:00;248;3,8
11.11.2021 16:30;251;3,4
11.11.2021 16:00;256;3,7
11.11.2021 15:30;248;3,4
11.11.2021 15:00;249;3,8
11.11.2021 14:30;244;4,6
11.11.2021 14:00;239;5
11.11.2021 13:30;241;5
11.11.2021 13:00;247;4,6
11.11.2021 12:30;257;5,6
11.11.2021 12:00;252;5,7
11.11.2021 11:30;227;5,1
11.11.2021 11:00;218;4,2
11.11.2021 10:30;211;4,1
11.11.2021 10:00;214;3,8
11.11.2021 09:30;216;3,9
11.11.2021 09:00;220;4,2
11.11.2021 08:30;215;4,1
11.11.2021 08:00;209;4,3
11.11.2021 07:30;208;4,6
11.11.2021 07:00;195;3,3
11.11.2021 06:30;191;3
11.11.2021 06:00;190;2,8
11.11.2021 05:30;192;2,6
11.11.2021 05:00;194;2,5
11.11.2021 04:30;187;2,5
11.11.2021 04:00;193;2,5
11.11.2021 03:30;188;2,5
11.11.2021 03:00;183;2,7
11.11.2021 02:30;190;2,1
11.11.2021 02:00;189;1,6
11.11.2021 01:30;185;2,3
11.11.2021 01:00;185;1,5
11.11.2021 00:30;189;1,5
11.11.2021 00:00;173;1,2
10.11.2021 23:30;184;1,4
10.11.2021 23:00;186;1,3
10.11.2021 22:30;195;1,5
10.11.2021 22:00;203;1,6
10.11.2021 21:30;194;1,9
10.11.2021 21:00;208;2,2
10.11.2021 20:30;256;2,9
10.11.2021 20:00;266;3
10.11.2021 19:30;247;2,5
10.11.2021 19:00;250;2,5
10.11.2021 18:30;248;2,2
10.11.2021 18:00;259;2,8
10.11.2021 17:30;264;2,9
10.11.2021 17:00;268;3
10.11.2021 16:30;260;2,9
10.11.2021 16:00;267;3,1
10.11.2021 15:30;253;3,2
10.11.2021 15:00;253;3,8
10.11.2021 14:30;250;4,5
10.11.2021 14:00;244;4,1
10.11.2021 13:30;249;4,3
10.11.2021 13:00;251;5,3
10.11.2021 12:30;250;5,4
10.11.2021 12:00;249;5,7
10.11.2021 11:30;246;5
10.11.2021 11:00;241;4,7
10.11.2021 10:30;229;4,5
10.11.2021 10:00;234;4
10.11.2021 09:30;230;4,4
10.11.2021 09:00;229;3,8
10.11.2021 08:30;231;3,6
10.11.2021 08:00;234;3,8
10.11.2021 07:30;228;4,3
10.11.2021 07:00;218;4
10.11.2021 06:30;211;4
10.11.2021 06:00;209;4,2
10.11.2021 05:30;210;4,2
10.11.2021 05:00;208;3,7
10.11.2021 04:30;213;4,3
10.11.2021 04:00;216;4,4
10.11.2021 03:30;212;5
10.11.2021 03:00;205;5,2
10.11.2021 02:30;208;4,9
10.11.2021 02:00;208;5
10.11.2021 01:30;208;5,1
10.11.2021 01:00;206;5,1
10.11.2021 00:30;205;4,9
10.11.2021 00:00;208;4,7
09.11.2021 23:30;206;5,4
09.11.2021 23:00;211;5,5
09.11.2021 22:30;213;5,3
09.11.2021 22:00;211;5,7
09.11.2021 21:30;213;4,8
09.11.2021 21:00;217;5,3
09.11.2021 20:30;217;5,2
09.11.2021 20:00;219;4,6
09.11.2021 19:30;222;5,7
09.11.2021 19:00;219;5,4
09.11.2021 18:30;216;5,1
09.11.2021 18:00;213;5,6
09.11.2021 17:30;211;5,6
09.11.2021 17:00;210;5,6
09.11.2021 16:30;208;5,5
09.11.2021 16:00;213;4,9
09.11.2021 15:30;212;5
09.11.2021 15:00;208;5,2
09.11.2021 14:30;208;5,8
09.11.2021 14:00;207;6
09.11.2021 13:30;208;5,8
09.11.2021 13:00;201;6
09.11.2021 12:30;201;6,1
09.11.2021 12:00;201;5,6
09.11.2021 11:30;195;5,9
09.11.2021 11:00;193;5,9
09.11.2021 10:30;191;6,2
09.11.2021 10:00;187;6,2
09.11.2021 09:30;183;6,3
09.11.2021 09:00;183;5,8
09.11.2021 08:30;177;4,9
09.11.2021 08:00;176;4,7
09.11.2021 07:30;177;4,4
09.11.2021 07:00;171;4,7
09.11.2021 06:30;174;3,8
09.11.2021 06:00;173;4,2
09.11.2021 05:30;166;4,7
09.11.2021 05:00;161;4,4
09.11.2021 04:30;158;4,2
09.11.2021 04:00;156;4,3
09.11.2021 03:30;155;3,9
09.11.2021 03:00;152;4,3
09.11.2021 02:30;166;3
09.11.2021 02:00;165;2,9
09.11.2021 01:30;168;2,8
09.11.2021 01:00;152;4,1
09.11.2021 00:30;138;3,2
09.11.2021 00:00;129;3,4
08.11.2021 23:30;137;3,9
08.11.2021 23:00;137;3,5
08.11.2021 22:30;147;2,4
08.11.2021 22:00;141;0,8
08.11.2021 21:30;149;1,1
08.11.2021 21:00;131;1,8
08.11.2021 20:30;126;2,2
08.11.2021 20:00;129;1,9
08.11.2021 19:30;109;2,2
08.11.2021 19:00;106;2,2
08.11.2021 18:30;117;2,4
08.11.2021 18:00;115;2
08.11.2021 17:30;94;2,1
08.11.2021 17:00;80;1,9
08.11.2021 16:30;95;1,9
08.11.2021 16:00;84;2,7
08.11.2021 15:30;100;3,6
08.11.2021 15:00;94;3,3
08.11.2021 14:30;104;3,3
08.11.2021 14:00;96;3,7
08.11.2021 13:30;90;3,5
08.11.2021 13:00;94;3,5
08.11.2021 12:30;82;3,4
08.11.2021 12:00;69;3,8
08.11.2021 11:30;80;3,8
08.11.2021 11:00;81;3,4
08.11.2021 10:30;72;3,1
08.11.2021 10:00;32;2,3
08.11.2021 09:30;35;2,4
08.11.2021 09:00;45;1,8
08.11.2021 08:30;62;1,7
08.11.2021 08:00;53;1,9
08.11.2021 07:30;57;1,4
08.11.2021 07:00;53;1,3
08.11.2021 06:30;60;1,4
08.11.2021 06:00;47;1,8
08.11.2021 05:30;23;2
08.11.2021 05:00;21;2,5
08.11.2021 04:30;9;2,6
08.11.2021 04:00;13;1,9
08.11.2021 03:30;15;1,8
08.11.2021 03:00;18;2,6
08.11.2021 02:30;15;3
08.11.2021 02:00;20;3,2
08.11.2021 01:30;359;2,6
08.11.2021 01:00;353;2,8
08.11.2021 00:30;2;2,5
08.11.2021 00:00;1;2,4
07.11.2021 23:30;335;1,8
07.11.2021 23:00;309;2,8
07.11.2021 22:30;312;3,1
07.11.2021 22:00;313;3,3
07.11.2021 21:30;306;3,1
07.11.2021 21:00;320;2,8
07.11.2021 20:30;321;2,5
07.11.2021 20:00;321;2,3
07.11.2021 19:30;345;3
07.11.2021 19:00;0;3,2
07.11.2021 18:30;6;3,6
07.11.2021 18:00;359;2,7
07.11.2021 17:30;345;2,5
07.11.2021 17:00;290;1,9
07.11.2021 16:30;238;2,2
07.11.2021 16:00;242;2,3
07.11.2021 15:30;245;2,7
07.11.2021 15:00;239;2,9
07.11.2021 14:30;237;3,2
07.11.2021 14:00;241;3,2
07.11.2021 13:30;246;4
07.11.2021 13:00;242;4,2
07.11.2021 12:30;239;4
07.11.2021 12:00;246;3,7
07.11.2021 11:30;244;4,7
07.11.2021 11:00;242;4,7
07.11.2021 10:30;245;5,4
07.11.2021 10:00;241;4,9
07.11.2021 09:30;242;5,2
07.11.2021 09:00;235;4,2
07.11.2021 08:30;229;3,7
07.11.2021 08:00;240;4,7
07.11.2021 07:30;235;4,1
07.11.2021 07:00;239;3,6
07.11.2021 06:30;231;4
07.11.2021 06:00;226;3,7
07.11.2021 05:30;236;4,2
07.11.2021 05:00;244;4,3
07.11.2021 04:30;240;4,7
07.11.2021 04:00;236;4,2
07.11.2021 03:30;234;3,5
07.11.2021 03:00;245;3,9
07.11.2021 02:30;239;4,4
07.11.2021 02:00;244;4,7
07.11.2021 01:30;233;4,3
07.11.2021 01:00;225;5
07.11.2021 00:30;219;5,3
07.11.2021 00:00;206;4,9
06.11.2021 23:30;194;5,1
06.11.2021 23:00;187;5,6
06.11.2021 22:30;190;4,8
06.11.2021 22:00;184;4,5
06.11.2021 21:30;190;4,2
06.11.2021 21:00;205;4,8
06.11.2021 20:30;203;5,5
06.11.2021 20:00;200;5,1
06.11.2021 19:30;199;4,9
06.11.2021 19:00;199;4,6
06.11.2021 18:30;199;3,9
06.11.2021 18:00;214;3,9
06.11.2021 17:30;218;3,9
06.11.2021 17:00;212;4,5
06.11.2021 16:30;209;5,2
06.11.2021 16:00;215;5,2
06.11.2021 15:30;207;4,8
06.11.2021 15:00;220;4,3
06.11.2021 14:30;225;4,4
06.11.2021 14:00;218;4,4
06.11.2021 13:30;220;4,3
06.11.2021 13:00;225;4,5
06.11.2021 12:30;219;4
06.11.2021 12:00;224;4,2
06.11.2021 11:30;226;4,4
06.11.2021 11:00;229;4,3
06.11.2021 10:30;232;4,4
06.11.2021 10:00;229;4,1
06.11.2021 09:30;233;4,7
06.11.2021 09:00;232;4
06.11.2021 08:30;239;4,8
06.11.2021 08:00;230;4,5
06.11.2021 07:30;239;5
06.11.2021 07:00;242;4,5
06.11.2021 06:30;245;5,2
06.11.2021 06:00;247;6,1
06.11.2021 05:30;249;5,6
06.11.2021 05:00;247;4,9
06.11.2021 04:30;247;4,9
06.11.2021 04:00;258;6,3
06.11.2021 03:30;254;5,9
06.11.2021 03:00;249;5
06.11.2021 02:30;246;5,3
06.11.2021 02:00;246;5,2
06.11.2021 01:30;248;4,8
06.11.2021 01:00;253;4,9
06.11.2021 00:30;248;4
06.11.2021 00:00;250;4,1
05.11.2021 23:30;249;4,2
05.11.2021 23:00;246;4
05.11.2021 22:30;255;4
05.11.2021 22:00;266;4,7
05.11.2021 21:30;263;5
05.11.2021 21:00;267;4,8
05.11.2021 20:30;272;4,4
05.11.2021 20:00;274;5,3
05.11.2021 19:30;277;5,5
05.11.2021 19:00;271;5,2
05.11.2021 18:30;269;5
05.11.2021 18:00;265;5,6
05.11.2021 17:30;266;5,4
05.11.2021 17:00;264;5,6
05.11.2021 16:30;264;5,3
05.11.2021 16:00;263;5,7
05.11.2021 15:30;267;5,5
05.11.2021 15:00;270;4,8
05.11.2021 14:30;262;5,3
05.11.2021 14:00;253;5,3
05.11.2021 13:30;250;4,9
05.11.2021 13:00;247;5,1
05.11.2021 12:30;259;5,8
05.11.2021 12:00;266;4,2
05.11.2021 11:30;266;5,2
05.11.2021 11:00;270;4,8
05.11.2021 10:30;277;4,6
05.11.2021 10:00;281;4,5
05.11.2021 09:30;279;4,2
05.11.2021 09:00;272;3,3
05.11.2021 08:30;253;3
05.11.2021 08:00;246;3,3
05.11.2021 07:30;245;3,4
05.11.2021 07:00;227;3
05.11.2021 06:30;230;2,4
05.11.2021 06:00;225;1,9
05.11.2021 05:30;202;1,5
05.11.2021 05:00;186;1,5
05.11.2021 04:30;239;1,5
05.11.2021 04:00;291;1,7
05.11.2021 03:30;310;2,1
05.11.2021 03:00;301;1,9
05.11.2021 02:30;305;2
05.11.2021 02:00;344;3,3
05.11.2021 01:30;337;3,5
05.11.2021 01:00;335;4,3
05.11.2021 00:30;337;4,2
05.11.2021 00:00;329;3
04.11.2021 23:30;330;2,8
04.11.2021 23:00;342;3,2
04.11.2021 22:30;335;3,2
04.11.2021 22:00;325;2,9
04.11.2021 21:30;317;2,9
04.11.2021 21:00;310;3
04.11.2021 20:30;308;3
04.11.2021 20:00;322;2,7
04.11.2021 19:30;329;3
04.11.2021 19:00;323;2
04.11.2021 18:30;326;1,8
04.11.2021 18:00;318;1,5
04.11.2021 17:30;90;0,6
04.11.2021 17:00;313;1,1
04.11.2021 16:30;319;1,5
04.11.2021 16:00;325;1,5
04.11.2021 15:30;322;1,4
04.11.2021 15:00;306;1,1
04.11.2021 14:30;324;2
04.11.2021 14:00;320;2,5
04.11.2021 13:30;324;1,9
04.11.2021 13:00;313;1,4
04.11.2021 12:30;339;0,9
04.11.2021 12:00;320;0,5
04.11.2021 11:30;274;0,5
04.11.2021 11:00;256;0,5
04.11.2021 10:30;320;1
04.11.2021 10:00;315;1
04.11.2021 09:30;238;0,6
04.11.2021 09:00;175;0,6
04.11.2021 08:30;178;1
04.11.2021 08:00;182;0,6
04.11.2021 07:30;199;0,6
04.11.2021 07:00;183;0,8
04.11.2021 06:30;176;0,5
04.11.2021 06:00;175;1,1
04.11.2021 05:30;176;0,8
04.11.2021 05:00;182;0,6
04.11.2021 04:30;187;0,7
04.11.2021 04:00;194;1
04.11.2021 03:30;347;0,6
04.11.2021 03:00;306;0,7
04.11.2021 02:30;208;0,5
04.11.2021 02:00;202;1
04.11.2021 01:30;199;1,9
04.11.2021 01:00;181;2,2
04.11.2021 00:30;191;1,9
04.11.2021 00:00;187;2,2
03.11.2021 23:30;191;2,4
03.11.2021 23:00;184;2,9
03.11.2021 22:30;197;2,2
03.11.2021 22:00;193;2,5
03.11.2021 21:30;202;2
03.11.2021 21:00;190;2,7
03.11.2021 20:30;201;2,3
03.11.2021 20:00;199;2,2
03.11.2021 19:30;198;2,3
03.11.2021 19:00;197;2,2
03.11.2021 18:30;184;2
03.11.2021 18:00;199;0,9
03.11.2021 17:30;185;1,6
03.11.2021 17:00;187;1,5
03.11.2021 16:30;196;1,2
03.11.2021 16:00;221;1,3
03.11.2021 15:30;224;1,6
03.11.2021 15:00;220;2,5
03.11.2021 14:30;221;2,7
03.11.2021 14:00;215;2,7
03.11.2021 13:30;250;2,4
03.11.2021 13:00;263;2,8
03.11.2021 12:30;258;2,6
03.11.2021 12:00;217;2,1
03.11.2021 11:30;216;1,6
03.11.2021 11:00;197;2,2
03.11.2021 10:30;189;1,7
03.11.2021 10:00;182;1,8
03.11.2021 09:30;174;2,1
03.11.2021 09:00;176;1,6
03.11.2021 08:30;187;2
03.11.2021 08:00;202;1,6
03.11.2021 07:30;196;2,3
03.11.2021 07:00;199;2,2
03.11.2021 06:30;193;2,3
03.11.2021 06:00;202;2,3
03.11.2021 05:30;199;2,5
03.11.2021 05:00;198;2,3
03.11.2021 04:30;210;2
03.11.2021 04:00;203;2,7
03.11.2021 03:30;186;2,8
03.11.2021 03:00;190;2,4
03.11.2021 02:30;205;2
03.11.2021 02:00;195;2,2
03.11.2021 01:30;191;1,4
03.11.2021 01:00;182;1,8
03.11.2021 00:30;184;2,4
03.11.2021 00:00;196;2,4
02.11.2021 23:30;193;2,6
02.11.2021 23:00;193;2,5
02.11.2021 22:30;192;2,4
02.11.2021 22:00;193;2,4
02.11.2021 21:30;191;2,2
02.11.2021 21:00;193;2,2
02.11.2021 20:30;194;1,8
02.11.2021 20:00;189;1,4
02.11.2021 19:30;196;1,6
02.11.2021 19:00;198;1,1
02.11.2021 18:30;190;1
02.11.2021 18:00;179;0,7
02.11.2021 17:30;166;1
02.11.2021 17:00;154;1,1
02.11.2021 16:30;137;1,2
02.11.2021 16:00;149;1,4
02.11.2021 15:30;159;1,7
02.11.2021 15:00;164;2,1
02.11.2021 14:30;149;2,2
02.11.2021 14:00;141;1,6
02.11.2021 13:30;145;2
02.11.2021 13:00;164;2,9
02.11.2021 12:30;153;2,9
02.11.2021 12:00;157;2,5
02.11.2021 11:30;143;2,2
02.11.2021 11:00;152;2,8
02.11.2021 10:30;165;2,8
02.11.2021 10:00;166;2,7
02.11.2021 09:30;164;3
02.11.2021 09:00;161;2,3
02.11.2021 08:30;161;2,7
02.11.2021 08:00;166;3,2
02.11.2021 07:30;168;3
02.11.2021 07:00;171;3,3
02.11.2021 06:30;159;4,3
02.11.2021 06:00;158;3,9
02.11.2021 05:30;156;4
02.11.2021 05:00;153;3,7
02.11.2021 04:30;160;2,7
02.11.2021 04:00;159;2,4
02.11.2021 03:30;161;3,5
02.11.2021 03:00;160;3,8
02.11.2021 02:30;156;3,7
02.11.2021 02:00;151;3
02.11.2021 01:30;156;3,2
02.11.2021 01:00;171;3,2
02.11.2021 00:30;157;3,1
02.11.2021 00:00;167;3,7
01.11.2021 23:30;167;4,2
01.11.2021 23:00;167;3,8
01.11.2021 22:30;173;3,8
01.11.2021 22:00;177;4,5
01.11.2021 21:30;177;4,5
01.11.2021 21:00;171;5
01.11.2021 20:30;170;5,1
01.11.2021 20:00;170;6,1
01.11.2021 19:30;166;5,5
01.11.2021 19:00;166;5,5
01.11.2021 18:30;167;5,8
01.11.2021 18:00;164;5,6
01.11.2021 17:30;162;5,7
01.11.2021 17:00;161;5
01.11.2021 16:30;160;5,8
01.11.2021 16:00;157;5,1
01.11.2021 15:30;165;5,2
01.11.2021 15:00;168;5,8
01.11.2021 14:30;166;5,9
01.11.2021 14:00;164;5,7
01.11.2021 13:30;163;5,8
01.11.2021 13:00;161;5,8
01.11.2021 12:30;165;5,8
01.11.2021 12:00;167;5
01.11.2021 11:30;178;5,3
01.11.2021 11:00;174;4,8
01.11.2021 10:30;161;3,9
01.11.2021 10:00;167;3,8
01.11.2021 09:30;173;3,7
01.11.2021 09:00;171;3,8
01.11.2021 08:30;171;4,2
01.11.2021 08:00;173;3,8
01.11.2021 07:30;170;3,8
01.11.2021 07:00;174;3
01.11.2021 06:30;169;2,8
01.11.2021 06:00;177;3
01.11.2021 05:30;180;2,7
01.11.2021 05:00;181;3,2
01.11.2021 04:30;186;3,9
01.11.2021 04:00;182;3,7
01.11.2021 03:30;182;4,7
01.11.2021 03:00;168;5,5
01.11.2021 02:30;159;5,1
01.11.2021 02:00;154;6,7
01.11.2021 01:30;150;7,2
01.11.2021 01:00;127;6,9
01.11.2021 00:30;125;6,4
01.11.2021 00:00;115;6,5
31.10.2021 23:30;112;6,5
31.10.2021 23:00;114;5,7
31.10.2021 22:30;111;6,8
31.10.2021 22:00;107;7,1
31.10.2021 21:30;106;6,2
31.10.2021 21:00;107;5,9
31.10.2021 20:30;109;5,9
31.10.2021 20:00;121;4,8
31.10.2021 19:30;124;5,4
31.10.2021 19:00;114;4,9
31.10.2021 18:30;116;4,9
31.10.2021 18:00;122;4,7
31.10.2021 17:30;113;4
31.10.2021 17:00;113;3,4
31.10.2021 16:30;126;3,9
31.10.2021 16:00;125;3,9
31.10.2021 15:30;138;4,8
31.10.2021 15:00;135;3,7
31.10.2021 14:30;145;3,7
31.10.2021 14:00;154;4,5
31.10.2021 13:30;149;4,6
31.10.2021 13:00;168;4,1
31.10.2021 12:30;170;4,5
31.10.2021 12:00;168;4,3
31.10.2021 11:30;171;3,6
31.10.2021 11:00;175;3
31.10.2021 10:30;177;3,3
31.10.2021 10:00;167;3,2
31.10.2021 09:30;174;2,5
31.10.2021 09:00;181;2,7
31.10.2021 08:30;191;2,6
31.10.2021 08:00;191;2,4
31.10.2021 07:30;194;2,5
31.10.2021 07:00;198;2,9
31.10.2021 06:30;191;3
31.10.2021 06:00;189;2,8
31.10.2021 05:30;194;3
31.10.2021 05:00;196;3
31.10.2021 04:30;196;2,9
31.10.2021 04:00;205;2,9
31.10.2021 03:30;210;2,9
31.10.2021 03:00;196;3,6
31.10.2021 02:30;235;2,3
31.10.2021 02:00;202;3,5
31.10.2021 01:30;191;3,8
31.10.2021 01:00;179;4
31.10.2021 00:30;170;4,2
31.10.2021 00:00;163;4
30.10.2021 23:30;150;4,1
30.10.2021 23:00;147;3,9
30.10.2021 22:30;150;3,2
30.10.2021 22:00;127;3,6
30.10.2021 21:30;133;4
30.10.2021 21:00;130;4,1
30.10.2021 20:30;124;4,2
30.10.2021 20:00;120;4,8
30.10.2021 19:30;106;5,3
30.10.2021 19:00;109;5
30.10.2021 18:30;106;4,9
30.10.2021 18:00;106;4,7
30.10.2021 17:30;107;4,9
30.10.2021 17:00;109;4,8
30.10.2021 16:30;106;4,9
30.10.2021 16:00;106;4,9
30.10.2021 15:30;105;4,3
30.10.2021 15:00;114;4,3
30.10.2021 14:30;118;4,7
30.10.2021 14:00;108;4,9
30.10.2021 13:30;113;3,7
30.10.2021 13:00;109;3,3
30.10.2021 12:30;109;3,2
30.10.2021 12:00;127;3,3
30.10.2021 11:30;138;2,3
30.10.2021 11:00;146;3,2
30.10.2021 10:30;154;3,6
30.10.2021 10:00;163;3,7
30.10.2021 09:30;180;2,9
30.10.2021 09:00;169;3,7
30.10.2021 08:30;161;2,8
30.10.2021 08:00;164;2,9
30.10.2021 07:30;165;2,8
30.10.2021 07:00;165;2,7
30.10.2021 06:30;171;2,3
30.10.2021 06:00;173;2,9
30.10.2021 05:30;163;2,5
30.10.2021 05:00;169;3
30.10.2021 04:30;168;3,1
30.10.2021 04:00;168;3,2
30.10.2021 03:30;166;3,2
30.10.2021 03:00;168;3,6
30.10.2021 02:30;168;3,6
30.10.2021 02:00;170;3,7
30.10.2021 01:30;170;3,8
30.10.2021 01:00;163;3,3
30.10.2021 00:30;161;3,4
30.10.2021 00:00;160;3,5
29.10.2021 23:30;164;3,9
29.10.2021 23:00;167;4
29.10.2021 22:30;171;3,9
29.10.2021 22:00;171;3,8
29.10.2021 21:30;171;4,1
29.10.2021 21:00;165;4,5
29.10.2021 20:30;162;3,4
29.10.2021 20:00;161;3,1
29.10.2021 19:30;161;3,3
29.10.2021 19:00;160;3,5
29.10.2021 18:30;158;4
29.10.2021 18:00;154;3,8
29.10.2021 17:30;151;3,2
29.10.2021 17:00;157;3,5
29.10.2021 16:30;156;3,7
29.10.2021 16:00;150;3,8
29.10.2021 15:30;149;4
29.10.2021 15:00;145;4,1
29.10.2021 14:30;154;4,6
29.10.2021 14:00;153;4,1
29.10.2021 13:30;161;4
29.10.2021 13:00;160;4,1
29.10.2021 12:30;150;4,2
29.10.2021 12:00;152;3,7
29.10.2021 11:30;156;3,7
29.10.2021 11:00;152;3,9
29.10.2021 10:30;150;4
29.10.2021 10:00;153;3,6
29.10.2021 09:30;148;3,3
29.10.2021 09:00;153;2,8
29.10.2021 08:30;142;2,3
29.10.2021 08:00;146;2
29.10.2021 07:30;142;2
29.10.2021 07:00;138;2,2
29.10.2021 06:30;150;2,6
29.10.2021 06:00;160;2,7
29.10.2021 05:30;163;2,3
29.10.2021 05:00;135;2,7
29.10.2021 04:30;144;2,8
29.10.2021 04:00;153;2,8
29.10.2021 03:30;145;2,4
29.10.2021 03:00;141;1,6
29.10.2021 02:30;159;1,4
29.10.2021 02:00;176;1,7
29.10.2021 01:30;176;2
29.10.2021 01:00;182;2,3
29.10.2021 00:30;178;2,2
29.10.2021 00:00;170;2,5
28.10.2021 23:30;169;2,4
28.10.2021 23:00;173;2
28.10.2021 22:30;169;2,7
28.10.2021 22:00;169;3,2
28.10.2021 21:30;175;3,2
28.10.2021 21:00;169;3,2
28.10.2021 20:30;173;3,4
28.10.2021 20:00;173;4,1
28.10.2021 19:30;169;3,7
28.10.2021 19:00;178;3,3
28.10.2021 18:30;171;3
28.10.2021 18:00;167;3
28.10.2021 17:30;167;2,8
28.10.2021 17:00;160;2,4
28.10.2021 16:30;151;1,9
28.10.2021 16:00;160;2,9
28.10.2021 15:30;172;4,1
28.10.2021 15:00;176;4,2
28.10.2021 14:30;184;3,9
28.10.2021 14:00;189;4,5
28.10.2021 13:30;201;5,3
28.10.2021 13:00;204;5,5
28.10.2021 12:30;213;6
28.10.2021 12:00;207;5,1
28.10.2021 11:30;209;5,2
28.10.2021 11:00;205;5,4
28.10.2021 10:30;206;4,7
28.10.2021 10:00;209;5,3
28.10.2021 09:30;210;5,3
28.10.2021 09:00;211;5,8
28.10.2021 08:30;207;5,5
28.10.2021 08:00;207;4,8
28.10.2021 07:30;199;4,5
28.10.2021 07:00;203;3,1
28.10.2021 06:30;201;4,2
28.10.2021 06:00;202;4,1
28.10.2021 05:30;198;3,9
28.10.2021 05:00;198;4,3
28.10.2021 04:30;207;4,9
28.10.2021 04:00;209;5,2
28.10.2021 03:30;205;4,4
28.10.2021 03:00;201;4,4
28.10.2021 02:30;203;4,3
28.10.2021 02:00;208;5
28.10.2021 01:30;209;4,9
28.10.2021 01:00;213;5,1
28.10.2021 00:30;215;4,9
28.10.2021 00:00;212;4,7
27.10.2021 23:30;208;4,2
27.10.2021 23:00;211;4,2
27.10.2021 22:30;211;4,5
27.10.2021 22:00;210;4,2
27.10.2021 21:30;213;4,3
27.10.2021 21:00;212;4,1
27.10.2021 20:30;213;4,1
27.10.2021 20:00;216;3,9
27.10.2021 19:30;221;4
27.10.2021 19:00;223;4,4
27.10.2021 18:30;223;4,2
27.10.2021 18:00;222;4,1
27.10.2021 17:30;224;4,2
27.10.2021 17:00;231;4,2
27.10.2021 16:30;235;4,2
27.10.2021 16:00;231;4,5
27.10.2021 15:30;232;4,5
27.10.2021 15:00;237;5,2
27.10.2021 14:30;233;5,1
27.10.2021 14:00;233;5,4
27.10.2021 13:30;239;5,6
27.10.2021 13:00;236;5,7
27.10.2021 12:30;238;6,6
27.10.2021 12:00;232;6,3
27.10.2021 11:30;230;6,4
27.10.2021 11:00;227;5,9
27.10.2021 10:30;229;6,3
27.10.2021 10:00;227;6
27.10.2021 09:30;230;6,8
27.10.2021 09:00;232;7,3
27.10.2021 08:30;231;7,2
27.10.2021 08:00;229;7,2
27.10.2021 07:30;228;7,3
27.10.2021 07:00;225;6,5
27.10.2021 06:30;221;6,2
27.10.2021 06:00;220;6,2
27.10.2021 05:30;218;5,5
27.10.2021 05:00;221;5,7
27.10.2021 04:30;219;5,6
27.10.2021 04:00;214;4,9
27.10.2021 03:30;210;5
27.10.2021 03:00;209;4,9
27.10.2021 02:30;202;4,2
27.10.2021 02:00;203;4,9
27.10.2021 01:30;200;3,9
27.10.2021 01:00;184;4,4
27.10.2021 00:30;183;5
27.10.2021 00:00;181;4,2
26.10.2021 23:30;174;4,1
26.10.2021 23:00;177;3,6
26.10.2021 22:30;183;3,6
26.10.2021 22:00;181;3,5
26.10.2021 21:30;181;3,2
26.10.2021 21:00;182;3,1
26.10.2021 20:30;186;3,1
26.10.2021 20:00;183;3,2
26.10.2021 19:30;184;3,1
26.10.2021 19:00;189;2,5
26.10.2021 18:30;193;2,6
26.10.2021 18:00;182;2,3
26.10.2021 17:30;188;2,6
26.10.2021 17:00;200;2,5
26.10.2021 16:30;196;2,2
26.10.2021 16:00;214;2,7
26.10.2021 15:30;222;2,8
26.10.2021 15:00;229;3,4
26.10.2021 14:30;284;1,5
26.10.2021 14:00;282;2,7
26.10.2021 13:30;243;3,4
26.10.2021 13:00;244;4,3
26.10.2021 12:30;244;4,1
26.10.2021 12:00;239;4
26.10.2021 11:30;229;3,6
26.10.2021 11:00;230;3,3
26.10.2021 10:30;218;3,3
26.10.2021 10:00;205;3
26.10.2021 09:30;203;2,7
26.10.2021 09:00;207;2,5
26.10.2021 08:30;207;2,7
26.10.2021 08:00;207;2,9
26.10.2021 07:30;207;3,2
26.10.2021 07:00;216;2,6
26.10.2021 06:30;216;2,7
26.10.2021 06:00;204;2,6
26.10.2021 05:30;210;3,1
26.10.2021 05:00;208;3
26.10.2021 04:30;203;2,8
26.10.2021 04:00;206;2,7
26.10.2021 03:30;213;2,7
26.10.2021 03:00;224;2,5
26.10.2021 02:30;219;2,8
26.10.2021 02:00;214;3,1
26.10.2021 01:30;208;3,6
26.10.2021 01:00;192;2,8
26.10.2021 00:30;195;3,2
26.10.2021 00:00;204;3,2
25.10.2021 23:30;208;3,1
25.10.2021 23:00;210;3,6
25.10.2021 22:30;208;3,9
25.10.2021 22:00;191;3,4
25.10.2021 21:30;184;3,4
25.10.2021 21:00;184;3,6
25.10.2021 20:30;185;2,8
25.10.2021 20:00;183;3,3
25.10.2021 19:30;186;3,6
25.10.2021 19:00;185;3,9
25.10.2021 18:30;185;4
25.10.2021 18:00;183;3,9
25.10.2021 17:30;186;3,8
25.10.2021 17:00;178;3,8
25.10.2021 16:30;182;3,9
25.10.2021 16:00;183;3,9
25.10.2021 15:30;184;4,1
25.10.2021 15:00;189;3,3
25.10.2021 14:30;190;3,7
25.10.2021 14:00;188;5
25.10.2021 13:30;192;5,1
25.10.2021 13:00;181;4,7
25.10.2021 12:30;187;4,2
25.10.2021 12:00;194;4,3
25.10.2021 11:30;193;4,6
25.10.2021 11:00;195;5,3
25.10.2021 10:30;196;5
25.10.2021 10:00;186;4,8
25.10.2021 09:30;185;4,6
25.10.2021 09:00;186;4,2
25.10.2021 08:30;184;4
25.10.2021 08:00;179;3,2
25.10.2021 07:30;172;3,3
25.10.2021 07:00;179;2,8
25.10.2021 06:30;182;2,8
25.10.2021 06:00;178;2,3
25.10.2021 05:30;176;2,9
25.10.2021 05:00;169;3,2
25.10.2021 04:30;166;3,9
25.10.2021 04:00;165;4
25.10.2021 03:30;167;3,5
25.10.2021 03:00;166;3,5
25.10.2021 02:30;170;3,5
25.10.2021 02:00;167;3,4
25.10.2021 01:30;172;3,1
25.10.2021 01:00;173;3
25.10.2021 00:30;170;3,1
25.10.2021 00:00;161;2,9
24.10.2021 23:30;172;2,5
24.10.2021 23:00;183;2,7
24.10.2021 22:30;183;3
24.10.2021 22:00;180;3,1
24.10.2021 21:30;176;2,9
24.10.2021 21:00;187;2,9
24.10.2021 20:30;188;3,1
24.10.2021 20:00;186;3,4
24.10.2021 19:30;184;3,7
24.10.2021 19:00;180;3,6
24.10.2021 18:30;186;3,3
24.10.2021 18:00;184;2,9
24.10.2021 17:30;183;3,2
24.10.2021 17:00;177;3,9
24.10.2021 16:30;173;3,9
24.10.2021 16:00;175;4,4
24.10.2021 15:30;183;5,6
24.10.2021 15:00;188;5,5
24.10.2021 14:30;191;4,9
24.10.2021 14:00;193;5,4
24.10.2021 13:30;193;5,3
24.10.2021 13:00;194;4,9
24.10.2021 12:30;189;5,2
24.10.2021 12:00;189;4,8
24.10.2021 11:30;191;4,8
24.10.2021 11:00;185;4,9
24.10.2021 10:30;183;4,7
24.10.2021 10:00;185;4,5
24.10.2021 09:30;184;4,9
24.10.2021 09:00;182;3,6
24.10.2021 08:30;187;3,7
24.10.2021 08:00;188;3,6
24.10.2021 07:30;186;3,5
24.10.2021 07:00;187;3,5
24.10.2021 06:30;181;3,5
24.10.2021 06:00;185;3,7
24.10.2021 05:30;180;4,1
24.10.2021 05:00;178;3,5
24.10.2021 04:30;182;4,1
24.10.2021 04:00;180;4
24.10.2021 03:30;180;4,4
24.10.2021 03:00;178;3,7
24.10.2021 02:30;179;3,5
24.10.2021 02:00;184;3,2
24.10.2021 01:30;177;2,5
24.10.2021 01:00;175;2,7
24.10.2021 00:30;182;3,1
24.10.2021 00:00;178;2,9
23.10.2021 23:30;181;2,8
23.10.2021 23:00;185;3,1
23.10.2021 22:30;188;3,2
23.10.2021 22:00;190;2,4
23.10.2021 21:30;185;2,7
23.10.2021 21:00;194;2,4
23.10.2021 20:30;185;2,7
23.10.2021 20:00;198;2,5
23.10.2021 19:30;189;1,8
23.10.2021 19:00;208;1,9
23.10.2021 18:30;235;2,6
23.10.2021 18:00;237;2,8
23.10.2021 17:30;223;2
23.10.2021 17:00;221;1,8
23.10.2021 16:30;225;2,1
23.10.2021 16:00;242;1,8
23.10.2021 15:30;270;2,2
23.10.2021 15:00;265;3,2
23.10.2021 14:30;269;3,5
23.10.2021 14:00;275;3,2
23.10.2021 13:30;268;4
23.10.2021 13:00;252;3,8
23.10.2021 12:30;279;3,2
23.10.2021 12:00;258;4,2
23.10.2021 11:30;261;3,7
23.10.2021 11:00;261;3,2
23.10.2021 10:30;271;2,6
23.10.2021 10:00;259;2,6
23.10.2021 09:30;269;2,9
23.10.2021 09:00;265;2,5
23.10.2021 08:30;259;3
23.10.2021 08:00;261;2,6
23.10.2021 07:30;270;2,4
23.10.2021 07:00;269;2,5
23.10.2021 06:30;270;2,7
23.10.2021 06:00;283;2,5
23.10.2021 05:30;293;2,7
23.10.2021 05:00;284;2,3
23.10.2021 04:30;289;2,1
23.10.2021 04:00;306;2,7
23.10.2021 03:30;303;3,6
23.10.2021 03:00;297;3,9
23.10.2021 02:30;299;4,5
23.10.2021 02:00;293;4
23.10.2021 01:30;293;4,6
23.10.2021 01:00;295;4,8
23.10.2021 00:30;290;4,3
23.10.2021 00:00;293;4,6
22.10.2021 23:30;292;4,8
22.10.2021 23:00;299;5,9
22.10.2021 22:30;296;4,8
22.10.2021 22:00;288;4,5
22.10.2021 21:30;289;5,5
22.10.2021 21:00;288;5
22.10.2021 20:30;286;5
22.10.2021 20:00;288;5,4
22.10.2021 19:30;289;5,1
22.10.2021 19:00;288;5
22.10.2021 18:30;288;5,3
22.10.2021 18:00;278;5,5
22.10.2021 17:30;280;6,8
22.10.2021 17:00;277;6,5
22.10.2021 16:30;273;6,7
22.10.2021 16:00;272;6,7
22.10.2021 15:30;278;6,3
22.10.2021 15:00;276;6,2
22.10.2021 14:30;282;5,8
22.10.2021 14:00;280;6,4
22.10.2021 13:30;290;6,2
22.10.2021 13:00;285;6,1
22.10.2021 12:30;276;6,9
22.10.2021 12:00;275;6,4
22.10.2021 11:30;277;7,8
22.10.2021 11:00;269;6,7
22.10.2021 10:30;272;6,7
22.10.2021 10:00;273;6,6
22.10.2021 09:30;275;5,4
22.10.2021 09:00;273;4,8
22.10.2021 08:30;263;4,1
22.10.2021 08:00;259;3,4
22.10.2021 07:30;248;3,2
22.10.2021 07:00;245;3,5
22.10.2021 06:30;233;3,7
22.10.2021 06:00;235;3,3
22.10.2021 05:30;226;3,2
22.10.2021 05:00;230;3,2
22.10.2021 04:30;237;3,2
22.10.2021 04:00;251;2,8
22.10.2021 03:30;230;2,6
22.10.2021 03:00;239;4,1
22.10.2021 02:30;244;5,8
22.10.2021 02:00;246;5,3
22.10.2021 01:30;251;4,6
22.10.2021 01:00;264;6,6
22.10.2021 00:30;259;6,8
22.10.2021 00:00;262;7,6
21.10.2021 23:30;262;7,9
21.10.2021 23:00;258;7,1
21.10.2021 22:30;265;7
21.10.2021 22:00;269;7,7
21.10.2021 21:30;275;7,9
21.10.2021 21:00;278;7,6
21.10.2021 20:30;276;7,8
21.10.2021 20:00;277;7,3
21.10.2021 19:30;280;6,7
21.10.2021 19:00;279;6,5
21.10.2021 18:30;279;6,9
21.10.2021 18:00;282;6,9
21.10.2021 17:30;270;6,6
21.10.2021 17:00;272;6,7
21.10.2021 16:30;274;6,5
21.10.2021 16:00;273;7,6
21.10.2021 15:30;272;6,9
21.10.2021 15:00;274;6,8
21.10.2021 14:30;273;7,1
21.10.2021 14:00;277;6,4
21.10.2021 13:30;281;5,7
21.10.2021 13:00;285;6,1
21.10.2021 12:30;271;5,4
21.10.2021 12:00;275;6,8
21.10.2021 11:30;277;5,7
21.10.2021 11:00;279;6,2
21.10.2021 10:30;281;6
21.10.2021 10:00;284;4,8
21.10.2021 09:30;292;4
21.10.2021 09:00;290;3,6
21.10.2021 08:30;286;2,7
21.10.2021 08:00;298;2,7
21.10.2021 07:30;263;2,6
21.10.2021 07:00;230;3
21.10.2021 06:30;219;3,1
21.10.2021 06:00;204;3
21.10.2021 05:30;205;3,3
21.10.2021 05:00;195;2,5
21.10.2021 04:30;192;3
21.10.2021 04:00;208;3,3
21.10.2021 03:30;207;3,4
21.10.2021 03:00;212;3,5
21.10.2021 02:30;213;2,9
21.10.2021 02:00;212;2,8
21.10.2021 01:30;215;2,8
21.10.2021 01:00;218;3,1
21.10.2021 00:30;238;2,9
21.10.2021 00:00;210;3,9
20.10.2021 23:30;198;4,1
20.10.2021 23:00;198;4
20.10.2021 22:30;201;4,1
20.10.2021 22:00;208;4,1
20.10.2021 21:30;209;4
20.10.2021 21:00;210;4
20.10.2021 20:30;209;4,3
20.10.2021 20:00;209;4,8
20.10.2021 19:30;213;3,7
20.10.2021 19:00;223;3,7
20.10.2021 18:30;236;3,7
20.10.2021 18:00;232;4,1
20.10.2021 17:30;224;5,1
20.10.2021 17:00;218;4,4
20.10.2021 16:30;228;5,1
20.10.2021 16:00;231;5,6
20.10.2021 15:30;239;5,8
20.10.2021 15:00;237;4,7
20.10.2021 14:30;229;4,6
20.10.2021 14:00;229;4,7
20.10.2021 13:30;231;4,9
20.10.2021 13:00;237;4,7
20.10.2021 12:30;238;5
20.10.2021 12:00;238;5,3
20.10.2021 11:30;237;4,6
20.10.2021 11:00;233;5,3
20.10.2021 10:30;236;5,2
20.10.2021 10:00;233;4,5
20.10.2021 09:30;225;5,7
20.10.2021 09:00;221;6,2
20.10.2021 08:30;227;5,5
20.10.2021 08:00;228;4,9
20.10.2021 07:30;229;6
20.10.2021 07:00;227;6,1
20.10.2021 06:30;227;5,9
20.10.2021 06:00;222;5,4
20.10.2021 05:30;218;5
20.10.2021 05:00;216;4,9
20.10.2021 04:30;214;4,8
20.10.2021 04:00;216;4,6
20.10.2021 03:30;213;5
20.10.2021 03:00;220;4,9
20.10.2021 02:30;216;5,1
20.10.2021 02:00;217;5,2
20.10.2021 01:30;222;5,7
20.10.2021 01:00;225;5,8
20.10.2021 00:30;225;5,7
20.10.2021 00:00;222;5,9
19.10.2021 23:30;225;6,3
19.10.2021 23:00;223;5,6
19.10.2021 22:30;207;4,5
19.10.2021 22:00;190;3,9
19.10.2021 21:30;172;4,4
19.10.2021 21:00;154;3,8
19.10.2021 20:30;154;3,8
19.10.2021 20:00;151;3,9
19.10.2021 19:30;159;4,1
19.10.2021 19:00;169;3,8
19.10.2021 18:30;176;3,7
19.10.2021 18:00;166;3,7
19.10.2021 17:30;176;4
19.10.2021 17:00;182;4,1
19.10.2021 16:30;177;3,9
19.10.2021 16:00;176;3,8
19.10.2021 15:30;178;3,9
19.10.2021 15:00;180;4,3
19.10.2021 14:30;173;4,1
19.10.2021 14:00;180;4,2
19.10.2021 13:30;178;4,7
19.10.2021 13:00;176;4,1
19.10.2021 12:30;178;3,8
19.10.2021 12:00;175;3,3
19.10.2021 11:30;174;3
19.10.2021 11:00;167;3,3
19.10.2021 10:30;164;3,5
19.10.2021 10:00;157;3,5
19.10.2021 09:30;155;3,5
19.10.2021 09:00;149;3,2
19.10.2021 08:30;146;2,6
19.10.2021 08:00;146;2,2
19.10.2021 07:30;141;2,4
19.10.2021 07:00;152;2,7
19.10.2021 06:30;158;2,7
19.10.2021 06:00;161;2,6
19.10.2021 05:30;161;2,6
19.10.2021 05:00;159;3,1
19.10.2021 04:30;153;3,2
19.10.2021 04:00;169;2,3
19.10.2021 03:30;157;2
19.10.2021 03:00;143;2,1
19.10.2021 02:30;149;2
19.10.2021 02:00;142;2,1
19.10.2021 01:30;142;2,1
19.10.2021 01:00;137;2,1
19.10.2021 00:30;135;3
19.10.2021 00:00;131;3,7
18.10.2021 23:30;134;4,3
18.10.2021 23:00;128;5
18.10.2021 22:30;122;4,4
18.10.2021 22:00;112;5,1
18.10.2021 21:30;121;4,8
18.10.2021 21:00;117;4,4
18.10.2021 20:30;113;4,9
18.10.2021 20:00;112;4,8
18.10.2021 19:30;110;4,8
18.10.2021 19:00;102;4,7
18.10.2021 18:30;101;4,7
18.10.2021 18:00;101;4,2
18.10.2021 17:30;101;4
18.10.2021 17:00;99;3,7
18.10.2021 16:30;98;4,3
18.10.2021 16:00;98;3,7
18.10.2021 15:30;96;3,9
18.10.2021 15:00;92;3,6
18.10.2021 14:30;93;4,6
18.10.2021 14:00;94;5,3
18.10.2021 13:30;89;5
18.10.2021 13:00;91;4,8
18.10.2021 12:30;94;4,8
18.10.2021 12:00;85;4,7
18.10.2021 11:30;84;4,9
18.10.2021 11:00;92;4
18.10.2021 10:30;90;4,1
18.10.2021 10:00;80;3,2
18.10.2021 09:30;73;2,7
18.10.2021 09:00;67;2,6
18.10.2021 08:30;72;2
18.10.2021 08:00;72;1,8
18.10.2021 07:30;66;1,8
18.10.2021 07:00;66;1,8
18.10.2021 06:30;61;1,4
18.10.2021 06:00;62;2,1
18.10.2021 05:30;52;1,6
18.10.2021 05:00;48;1,1
18.10.2021 04:30;42;1,1
18.10.2021 04:00;57;1,2
18.10.2021 03:30;53;1,1
18.10.2021 03:00;45;1,3
18.10.2021 02:30;65;0,6
18.10.2021 02:00;327;0,7
18.10.2021 01:30;238;0,5
18.10.2021 01:00;230;0,5
18.10.2021 00:30;230;0,6
18.10.2021 00:00;200;0,6
17.10.2021 23:30;193;1,1
17.10.2021 23:00;203;1,3
17.10.2021 22:30;203;0,6
17.10.2021 22:00;198;1,5
17.10.2021 21:30;180;1,6
17.10.2021 21:00;194;0,6
17.10.2021 20:30;202;0,6
17.10.2021 20:00;202;0,7
17.10.2021 19:30;188;0,7
17.10.2021 19:00;242;0,5
17.10.2021 18:30;191;0,8
17.10.2021 18:00;231;1,7
17.10.2021 17:30;249;2,1
17.10.2021 17:00;279;2
17.10.2021 16:30;279;1,9
17.10.2021 16:00;275;2
17.10.2021 15:30;282;2,6
17.10.2021 15:00;290;3,2
17.10.2021 14:30;288;3,5
17.10.2021 14:00;281;3,3
17.10.2021 13:30;277;3,6
17.10.2021 13:00;275;3,4
17.10.2021 12:30;280;3,6
17.10.2021 12:00;274;4
17.10.2021 11:30;270;3,7
17.10.2021 11:00;259;2,7
17.10.2021 10:30;244;2,4
17.10.2021 10:00;257;2,6
17.10.2021 09:30;241;3,1
17.10.2021 09:00;237;2,9
17.10.2021 08:30;234;2,8
17.10.2021 08:00;234;2,8
17.10.2021 07:30;234;2,8
17.10.2021 07:00;236;2,7
17.10.2021 06:30;229;2,9
17.10.2021 06:00;228;2,7
17.10.2021 05:30;238;2,5
17.10.2021 05:00;245;3
17.10.2021 04:30;231;3,3
17.10.2021 04:00;232;3,5
17.10.2021 03:30;237;3,4
17.10.2021 03:00;238;3,4
17.10.2021 02:30;233;2,9
17.10.2021 02:00;223;2,6
17.10.2021 01:30;193;2,1
17.10.2021 01:00;200;2,4
17.10.2021 00:30;217;2,9
17.10.2021 00:00;220;2,8
